date,age,gender,weather,road_surface,person_position,severity
2019-01-09,76,Female,Snowing,Icy,Driver,Non-Fatal
2019-07-11,53,Male,Clear,Dry,Rear Seat Passenger,Non-Fatal
2019-08-09,64,Female,Unknown,Flooded,Unknown,Non-Fatal
2019-12-23,41,Female,Raining,Unknown,Driver,Non-Fatal
2019-01-29,44,Female,Unknown,Wet,Front Seat Passenger,Non-Fatal
2019-04-24,66,Male,Snowing,Dry,Front Seat Passenger,Non-Fatal
2019-03-25,18,Male,Snowing,Wet,Unknown,Non-Fatal
2019-03-24,73,Male,Raining,Icy,Front Seat Passenger,Non-Fatal
2019-09-16,58,Male,Freezing Rain,Snowy,Front Seat Passenger,Non-Fatal
2019-10-16,53,Female,Overcast,Sandy,Rear Seat Passenger,Non-Fatal
2019-05-27,28,Male,Clear,Icy,Rear Seat Passenger,Non-Fatal
2019-11-07,77,Male,Windy,Dry,Rear Seat Passenger,Non-Fatal
2019-10-18,72,Female,Clear,Dry,Driver,Non-Fatal
2019-11-19,62,Male,Raining,Snowy,Driver,Non-Fatal
2019-04-24,61,Female,Overcast,Dry,Front Seat Passenger,Non-Fatal
2019-12-23,70,Male,Clear,Icy,Driver,Non-Fatal
2019-09-17,65,Female,Windy,Sandy,Rear Seat Passenger,Fatal
2019-12-23,51,Male,Raining,Snowy,Driver,Non-Fatal
2019-05-20,43,Male,Clear,Wet,Driver,Non-Fatal
2019-06-17,58,Male,Raining,Snowy,Driver,Non-Fatal
2019-07-27,45,Female,Unknown,Unknown,Driver,Fatal
2019-05-13,43,Female,Clear,Icy,Front Seat Passenger,Non-Fatal
2019-09-15,75,Male,Clear,Icy,Driver,Non-Fatal
2019-07-12,74,Female,Windy,Wet,Driver,Non-Fatal
2019-04-20,23,Female,Snowing,Dry,Front Seat Passenger,Non-Fatal
2019-05-19,71,Female,Clear,Wet,Driver,Non-Fatal
2019-08-07,74,Female,Windy,Dry,Front Seat Passenger,Non-Fatal
2019-06-27,22,Male,Snowing,Wet,Driver,Fatal
2019-03-20,36,Female,Clear,Icy,Driver,Non-Fatal
2019-08-05,18,Male,Clear,Muddy,Front Seat Passenger,Non-Fatal
2019-10-26,54,Female,Snowing,Sandy,Rear Seat Passenger,Non-Fatal
2019-09-15,54,Male,Raining,Oily,Front Seat Passenger,Non-Fatal
2019-12-18,47,Male,Overcast,Dry,Front Seat Passenger,Non-Fatal
2019-10-29,33,Female,Snowing,Unknown,Unknown,Non-Fatal
2019-09-14,79,Male,Raining,Sandy,Front Seat Passenger,Non-Fatal
2019-03-14,70,Male,Overcast,Sandy,Front Seat Passenger,Non-Fatal
2019-10-31,71,Male,Overcast,Muddy,Driver,Non-Fatal
2019-04-04,44,Female,Clear,Slushy,Rear Seat Passenger,Non-Fatal
2019-09-18,64,Female,Unknown,Dry,Driver,Non-Fatal
2019-01-22,41,Female,Overcast,Wet,Rear Seat Passenger,Non-Fatal
2019-08-01,53,Female,Snowing,Unknown,Front Seat Passenger,Non-Fatal
2019-07-20,72,Male,Unknown,Unknown,Driver,Fatal
2019-04-15,80,Female,Raining,Unknown,Rear Seat Passenger,Non-Fatal
2019-11-21,76,Female,Raining,Flooded,Driver,Non-Fatal
2019-07-10,70,Female,Unknown,Snowy,Front Seat Passenger,Non-Fatal
2019-08-08,22,Male,Unknown,Snowy,Driver,Fatal
2019-07-17,50,Female,Overcast,Dry,Front Seat Passenger,Non-Fatal
2019-05-09,27,Female,Clear,Slushy,Rear Seat Passenger,Non-Fatal
2019-05-14,55,Male,Clear,Slushy,Driver,Fatal
2019-12-14,56,Male,Overcast,Wet,Front Seat Passenger,Non-Fatal
2019-02-02,74,Male,Foggy,Wet,Front Seat Passenger,Non-Fatal
2019-02-25,60,Female,Freezing Rain,Unknown,Front Seat Passenger,Non-Fatal
2019-01-08,70,Female,Snowing,Slushy,Front Seat Passenger,Non-Fatal
2019-12-28,75,Female,Windy,Dry,Driver,Non-Fatal
2019-11-27,41,Female,Overcast,Flooded,Rear Seat Passenger,Non-Fatal
2019-07-24,51,Female,Raining,Flooded,Driver,Non-Fatal
2019-12-08,75,Female,Overcast,Slushy,Rear Seat Passenger,Fatal
2019-12-27,37,Female,Clear,Muddy,Driver,Non-Fatal
2019-12-14,49,Male,Clear,Dry,Rear Seat Passenger,Non-Fatal
2019-09-08,18,Male,Raining,Slushy,Rear Seat Passenger,Non-Fatal
2019-01-11,27,Male,Overcast,Sandy,Driver,Non-Fatal
2019-11-15,23,Female,Foggy,Sandy,Rear Seat Passenger,Unknown
2019-02-18,67,Male,Overcast,Icy,Front Seat Passenger,Fatal
2019-01-28,24,Male,Clear,Icy,Driver,Non-Fatal
2019-01-18,49,Female,Overcast,Snowy,Driver,Non-Fatal
2019-06-30,69,Female,Raining,Snowy,Rear Seat Passenger,Unknown
2019-11-14,54,Female,Raining,Sandy,Front Seat Passenger,Non-Fatal
2019-03-04,72,Male,Overcast,Unknown,Front Seat Passenger,Non-Fatal
2019-03-15,29,Female,Clear,Snowy,Front Seat Passenger,Non-Fatal
2019-02-06,43,Female,Clear,Wet,Front Seat Passenger,Non-Fatal
2019-01-13,43,Male,Freezing Rain,Snowy,Driver,Non-Fatal
2019-11-27,68,Male,Snowing,Muddy,Front Seat Passenger,Non-Fatal
2019-08-29,67,Female,Freezing Rain,Icy,Driver,Non-Fatal
2019-04-07,35,Male,Raining,Wet,Driver,Unknown
2019-05-19,33,Male,Unknown,Flooded,Driver,Fatal
2019-04-02,25,Female,Unknown,Muddy,Driver,Non-Fatal
2019-08-20,32,Male,Unknown,Slushy,Rear Seat Passenger,Unknown
2019-10-31,21,Female,Unknown,Icy,Rear Seat Passenger,Non-Fatal
2019-09-02,19,Female,Overcast,Sandy,Unknown,Non-Fatal
2019-11-29,48,Female,Overcast,Slushy,Driver,Non-Fatal
2019-04-28,22,Male,Windy,Dry,Driver,Unknown
2019-03-13,45,Female,Unknown,Dry,Front Seat Passenger,Fatal
2019-02-21,31,Female,Clear,Dry,Driver,Unknown
2019-04-07,63,Male,Raining,Wet,Front Seat Passenger,Non-Fatal
2019-07-15,72,Female,Overcast,Flooded,Driver,Fatal
2019-02-28,50,Male,Foggy,Dry,Driver,Non-Fatal
2019-10-10,44,Male,Overcast,Wet,Driver,Fatal
2019-10-16,33,Female,Raining,Slushy,Front Seat Passenger,Non-Fatal
2019-03-22,75,Female,Raining,Dry,Front Seat Passenger,Non-Fatal
2019-11-13,21,Male,Windy,Flooded,Front Seat Passenger,Non-Fatal
2019-06-29,38,Male,Clear,Slushy,Front Seat Passenger,Non-Fatal
2019-01-19,28,Male,Clear,Snowy,Driver,Non-Fatal
2019-11-22,60,Female,Unknown,Oily,Front Seat Passenger,Non-Fatal
2019-01-29,33,Female,Raining,Dry,Driver,Non-Fatal
2019-05-05,73,Female,Overcast,Slushy,Front Seat Passenger,Fatal
2019-09-19,51,Male,Clear,Icy,Driver,Non-Fatal
2019-08-02,62,Male,Raining,Slushy,Driver,Non-Fatal
2019-03-09,74,Male,Overcast,Dry,Rear Seat Passenger,Non-Fatal
2019-08-05,59,Male,Overcast,Unknown,Front Seat Passenger,Non-Fatal
2019-08-27,43,Male,Raining,Dry,Driver,Non-Fatal
2019-06-26,54,Female,Clear,Icy,Front Seat Passenger,Non-Fatal
2019-10-24,27,Male,Unknown,Slushy,Rear Seat Passenger,Non-Fatal
2019-03-29,28,Female,Overcast,Sandy,Front Seat Passenger,Non-Fatal
2019-07-18,66,Male,Clear,Icy,Driver,Unknown
2019-09-12,70,Female,Clear,Flooded,Driver,Non-Fatal
2019-12-17,21,Female,Raining,Oily,Front Seat Passenger,Non-Fatal
2019-10-12,23,Female,Foggy,Slushy,Driver,Non-Fatal
2019-10-13,80,Female,Unknown,Snowy,Front Seat Passenger,Non-Fatal
2019-04-18,68,Female,Overcast,Slushy,Driver,Non-Fatal
2019-02-20,69,Female,Windy,Sandy,Driver,Non-Fatal
2019-12-28,73,Male,Foggy,Dry,Front Seat Passenger,Fatal
2019-11-24,62,Female,Raining,Dry,Driver,Non-Fatal
2019-01-05,23,Female,Unknown,Flooded,Rear Seat Passenger,Non-Fatal
2019-08-29,37,Female,Raining,Wet,Driver,Non-Fatal
2019-07-26,29,Female,Overcast,Slushy,Front Seat Passenger,Non-Fatal
2019-09-23,49,Male,Raining,Snowy,Rear Seat Passenger,Non-Fatal
2019-09-07,56,Female,Snowing,Wet,Driver,Non-Fatal
2019-05-30,67,Female,Unknown,Unknown,Front Seat Passenger,Fatal
2019-01-12,30,Male,Foggy,Snowy,Rear Seat Passenger,Non-Fatal
2019-04-20,61,Male,Clear,Wet,Rear Seat Passenger,Non-Fatal
2019-10-20,56,Male,Snowing,Oily,Front Seat Passenger,Non-Fatal
2019-09-01,66,Female,Overcast,Unknown,Driver,Non-Fatal
2019-01-17,40,Male,Foggy,Slushy,Driver,Fatal
2019-02-12,79,Male,Raining,Muddy,Rear Seat Passenger,Fatal
2019-12-03,54,Female,Snowing,Dry,Driver,Non-Fatal
2019-05-09,80,Male,Windy,Wet,Driver,Non-Fatal
2019-12-10,49,Male,Snowing,Snowy,Front Seat Passenger,Unknown
2019-08-23,66,Female,Raining,Sandy,Driver,Non-Fatal
2019-05-24,47,Male,Raining,Unknown,Front Seat Passenger,Non-Fatal
2019-12-14,44,Male,Overcast,Dry,Unknown,Non-Fatal
2019-01-23,53,Female,Snowing,Wet,Driver,Non-Fatal
2019-01-29,36,Female,Snowing,Sandy,Front Seat Passenger,Non-Fatal
2019-11-23,80,Male,Overcast,Snowy,Front Seat Passenger,Non-Fatal
2019-01-12,73,Female,Overcast,Flooded,Driver,Non-Fatal
2019-12-29,35,Female,Raining,Snowy,Front Seat Passenger,Non-Fatal
2019-10-29,33,Male,Freezing Rain,Snowy,Front Seat Passenger,Unknown
2019-06-04,53,Female,Raining,Slushy,Driver,Non-Fatal
2019-01-07,71,Male,Overcast,Wet,Front Seat Passenger,Non-Fatal
2019-04-23,40,Male,Clear,Muddy,Driver,Unknown
2019-04-20,68,Female,Overcast,Slushy,Driver,Non-Fatal
2019-08-05,31,Male,Clear,Dry,Driver,Fatal
2019-03-05,65,Female,Overcast,Flooded,Front Seat Passenger,Non-Fatal
2019-09-10,60,Female,Windy,Icy,Front Seat Passenger,Non-Fatal
2019-03-02,47,Female,Overcast,Dry,Driver,Non-Fatal
2019-04-02,18,Male,Overcast,Dry,Driver,Fatal
2019-07-19,52,Female,Overcast,Muddy,Rear Seat Passenger,Non-Fatal
2019-12-14,77,Female,Snowing,Unknown,Rear Seat Passenger,Non-Fatal
2019-08-02,30,Male,Raining,Slushy,Driver,Non-Fatal
2019-01-18,36,Female,Overcast,Unknown,Unknown,Non-Fatal
2019-07-14,75,Female,Unknown,Icy,Rear Seat Passenger,Non-Fatal
2019-06-30,73,Female,Windy,Icy,Unknown,Non-Fatal
2019-04-07,59,Female,Foggy,Icy,Unknown,Non-Fatal
2019-08-17,52,Male,Snowing,Icy,Driver,Non-Fatal
2019-06-06,69,Male,Freezing Rain,Snowy,Driver,Non-Fatal
2019-10-21,27,Male,Overcast,Icy,Front Seat Passenger,Non-Fatal
2019-01-03,23,Male,Overcast,Wet,Unknown,Non-Fatal
2019-06-28,60,Male,Unknown,Slushy,Driver,Non-Fatal
2019-07-09,37,Female,Raining,Muddy,Driver,Fatal
2019-06-25,43,Male,Overcast,Snowy,Rear Seat Passenger,Non-Fatal
2019-12-08,22,Female,Snowing,Icy,Driver,Non-Fatal
2019-03-27,27,Male,Clear,Dry,Rear Seat Passenger,Non-Fatal
2019-03-21,44,Male,Freezing Rain,Sandy,Front Seat Passenger,Non-Fatal
2019-01-08,71,Female,Overcast,Sandy,Driver,Non-Fatal
2019-07-25,20,Female,Windy,Snowy,Driver,Non-Fatal
2019-03-12,26,Female,Foggy,Wet,Driver,Non-Fatal
2019-07-11,42,Female,Windy,Dry,Rear Seat Passenger,Non-Fatal
2019-09-06,20,Male,Unknown,Sandy,Rear Seat Passenger,Non-Fatal
2019-01-06,71,Male,Unknown,Sandy,Rear Seat Passenger,Unknown
2019-08-15,46,Male,Overcast,Oily,Front Seat Passenger,Non-Fatal
2019-12-05,74,Female,Snowing,Icy,Front Seat Passenger,Fatal
2019-10-18,66,Female,Raining,Dry,Driver,Fatal
2019-07-08,72,Male,Clear,Snowy,Front Seat Passenger,Non-Fatal
2019-06-12,69,Male,Freezing Rain,Dry,Driver,Non-Fatal
2019-11-22,67,Male,Raining,Unknown,Rear Seat Passenger,Fatal
2019-05-02,70,Male,Raining,Wet,Unknown,Non-Fatal
2019-10-09,77,Male,Unknown,Wet,Driver,Non-Fatal
2019-11-05,68,Male,Overcast,Dry,Front Seat Passenger,Non-Fatal
2019-05-02,52,Female,Windy,Icy,Driver,Non-Fatal
2019-10-24,73,Male,Unknown,Muddy,Front Seat Passenger,Non-Fatal
2019-04-18,68,Female,Clear,Wet,Driver,Non-Fatal
2019-02-22,63,Male,Clear,Dry,Driver,Non-Fatal
2019-04-10,19,Female,Foggy,Slushy,Front Seat Passenger,Non-Fatal
2019-10-23,78,Male,Clear,Icy,Front Seat Passenger,Non-Fatal
2019-04-01,66,Male,Windy,Icy,Driver,Non-Fatal
2019-12-04,76,Female,Clear,Snowy,Driver,Non-Fatal
2019-08-12,39,Male,Unknown,Slushy,Front Seat Passenger,Non-Fatal
2019-11-11,19,Female,Overcast,Unknown,Rear Seat Passenger,Non-Fatal
2019-01-24,25,Male,Clear,Wet,Rear Seat Passenger,Non-Fatal
2019-02-19,45,Female,Overcast,Wet,Front Seat Passenger,Non-Fatal
2019-06-02,46,Male,Overcast,Sandy,Driver,Non-Fatal
2019-07-07,20,Female,Overcast,Dry,Driver,Non-Fatal
2019-04-05,56,Female,Unknown,Unknown,Unknown,Non-Fatal
2019-09-16,64,Female,Clear,Icy,Front Seat Passenger,Non-Fatal
2019-10-03,65,Female,Clear,Icy,Front Seat Passenger,Non-Fatal
2019-07-02,36,Male,Overcast,Wet,Driver,Non-Fatal
2019-02-11,50,Male,Raining,Dry,Front Seat Passenger,Non-Fatal
2019-11-29,76,Female,Foggy,Wet,Rear Seat Passenger,Fatal
2019-11-10,49,Female,Windy,Slushy,Rear Seat Passenger,Non-Fatal
2019-04-29,30,Female,Snowing,Slushy,Front Seat Passenger,Non-Fatal
2019-12-08,42,Male,Overcast,Snowy,Rear Seat Passenger,Non-Fatal
2019-01-11,50,Male,Clear,Icy,Unknown,Unknown
2019-05-17,67,Male,Clear,Wet,Unknown,Non-Fatal
2019-06-10,71,Male,Overcast,Sandy,Driver,Unknown
2019-11-07,67,Female,Snowing,Flooded,Driver,Fatal
2019-06-28,35,Male,Snowing,Wet,Front Seat Passenger,Non-Fatal
2019-03-14,34,Male,Windy,Icy,Unknown,Non-Fatal
2019-05-12,49,Male,Freezing Rain,Icy,Front Seat Passenger,Non-Fatal
2019-12-18,56,Male,Overcast,Oily,Unknown,Non-Fatal
2019-01-09,45,Female,Overcast,Oily,Front Seat Passenger,Non-Fatal
2019-12-07,46,Female,Clear,Sandy,Front Seat Passenger,Non-Fatal
2019-09-22,30,Female,Snowing,Icy,Front Seat Passenger,Non-Fatal
2019-06-17,53,Male,Unknown,Oily,Front Seat Passenger,Non-Fatal
2019-09-15,55,Female,Clear,Muddy,Front Seat Passenger,Non-Fatal
2019-07-12,41,Female,Foggy,Wet,Rear Seat Passenger,Non-Fatal
2019-10-10,73,Male,Overcast,Icy,Front Seat Passenger,Non-Fatal
2019-10-02,51,Male,Clear,Unknown,Driver,Fatal
2019-06-07,62,Female,Clear,Wet,Driver,Non-Fatal
2019-11-27,67,Male,Unknown,Unknown,Driver,Non-Fatal
2019-04-22,44,Female,Overcast,Oily,Front Seat Passenger,Non-Fatal
2019-06-19,57,Male,Windy,Snowy,Driver,Non-Fatal
2019-01-12,52,Female,Freezing Rain,Sandy,Driver,Fatal
2019-02-08,25,Male,Overcast,Muddy,Driver,Non-Fatal
2019-01-25,50,Male,Snowing,Snowy,Unknown,Non-Fatal
2019-05-26,33,Male,Clear,Dry,Driver,Fatal
2019-06-09,40,Male,Raining,Snowy,Rear Seat Passenger,Non-Fatal
2019-06-02,59,Female,Raining,Wet,Driver,Fatal
2019-04-28,74,Female,Clear,Dry,Front Seat Passenger,Non-Fatal
2019-03-19,52,Male,Raining,Icy,Rear Seat Passenger,Non-Fatal
2019-04-08,22,Male,Unknown,Sandy,Front Seat Passenger,Fatal
2019-04-17,27,Male,Unknown,Unknown,Driver,Fatal
2019-06-27,50,Male,Foggy,Muddy,Front Seat Passenger,Non-Fatal
2019-03-19,61,Male,Clear,Slushy,Driver,Non-Fatal
2019-10-16,37,Female,Clear,Sandy,Driver,Fatal
2019-06-15,36,Male,Raining,Snowy,Unknown,Non-Fatal
2019-10-06,74,Male,Unknown,Slushy,Driver,Non-Fatal
2019-08-19,23,Female,Raining,Sandy,Rear Seat Passenger,Non-Fatal
2019-10-07,67,Female,Unknown,Slushy,Driver,Fatal
2019-12-15,35,Male,Overcast,Flooded,Driver,Non-Fatal
2019-12-31,42,Female,Raining,Wet,Driver,Non-Fatal
2019-03-20,47,Female,Foggy,Flooded,Front Seat Passenger,Non-Fatal
2019-02-27,52,Male,Clear,Unknown,Driver,Unknown
2019-03-19,36,Male,Overcast,Snowy,Driver,Fatal
2019-03-10,36,Male,Clear,Snowy,Driver,Non-Fatal
2019-12-22,30,Male,Unknown,Muddy,Front Seat Passenger,Non-Fatal
2019-06-15,35,Male,Unknown,Flooded,Driver,Non-Fatal
2019-03-12,19,Male,Foggy,Oily,Unknown,Fatal
2019-02-20,73,Male,Snowing,Sandy,Front Seat Passenger,Non-Fatal
2019-10-24,73,Male,Freezing Rain,Dry,Front Seat Passenger,Non-Fatal
2019-11-07,45,Male,Raining,Wet,Driver,Non-Fatal
2019-11-03,40,Male,Freezing Rain,Dry,Driver,Non-Fatal
2019-09-21,29,Female,Clear,Flooded,Driver,Non-Fatal
2019-11-21,38,Female,Raining,Dry,Front Seat Passenger,Non-Fatal
2019-09-13,70,Female,Overcast,Snowy,Rear Seat Passenger,Non-Fatal
2019-03-04,61,Male,Unknown,Sandy,Rear Seat Passenger,Non-Fatal
2019-03-17,39,Male,Windy,Flooded,Driver,Non-Fatal
2019-09-05,18,Female,Windy,Wet,Driver,Non-Fatal
2019-11-30,35,Male,Raining,Snowy,Rear Seat Passenger,Non-Fatal
2019-04-02,42,Male,Raining,Dry,Unknown,Non-Fatal
2019-01-18,27,Female,Clear,Icy,Front Seat Passenger,Non-Fatal
2019-05-24,63,Male,Clear,Wet,Unknown,Non-Fatal
2019-02-24,22,Female,Overcast,Dry,Rear Seat Passenger,Non-Fatal
2019-01-05,49,Male,Clear,Unknown,Front Seat Passenger,Non-Fatal
2019-03-24,45,Male,Clear,Snowy,Rear Seat Passenger,Non-Fatal
2019-03-03,28,Male,Snowing,Icy,Driver,Unknown
2019-07-22,54,Female,Overcast,Sandy,Unknown,Non-Fatal
2019-10-26,33,Male,Overcast,Snowy,Front Seat Passenger,Non-Fatal
2019-11-26,72,Female,Unknown,Snowy,Driver,Non-Fatal
2019-03-09,54,Male,Snowing,Wet,Front Seat Passenger,Non-Fatal
2019-02-26,59,Male,Unknown,Snowy,Front Seat Passenger,Non-Fatal
2019-01-16,46,Male,Clear,Snowy,Front Seat Passenger,Non-Fatal
2019-01-02,61,Male,Unknown,Icy,Driver,Non-Fatal
2019-09-19,36,Female,Clear,Icy,Driver,Non-Fatal
2019-07-30,37,Female,Foggy,Slushy,Unknown,Non-Fatal
2019-04-01,44,Female,Overcast,Unknown,Driver,Non-Fatal
2019-07-01,30,Female,Overcast,Flooded,Front Seat Passenger,Non-Fatal
2019-02-18,62,Male,Unknown,Unknown,Front Seat Passenger,Non-Fatal
2019-03-27,28,Male,Unknown,Sandy,Rear Seat Passenger,Non-Fatal
2019-03-06,21,Female,Overcast,Oily,Driver,Non-Fatal
2019-07-10,66,Male,Unknown,Muddy,Rear Seat Passenger,Non-Fatal
2019-04-01,67,Male,Unknown,Muddy,Driver,Non-Fatal
2019-05-17,78,Male,Overcast,Flooded,Driver,Non-Fatal
2019-02-01,37,Male,Freezing Rain,Dry,Driver,Non-Fatal
2019-03-21,33,Female,Foggy,Wet,Rear Seat Passenger,Non-Fatal
2019-03-12,47,Male,Unknown,Sandy,Driver,Non-Fatal
2019-06-17,48,Male,Snowing,Dry,Front Seat Passenger,Non-Fatal
2019-04-09,78,Female,Raining,Oily,Driver,Non-Fatal
2019-08-07,43,Female,Unknown,Oily,Front Seat Passenger,Non-Fatal
2019-11-10,31,Female,Overcast,Oily,Front Seat Passenger,Non-Fatal
2019-06-13,70,Male,Overcast,Icy,Front Seat Passenger,Non-Fatal
2019-07-10,18,Female,Unknown,Wet,Driver,Non-Fatal
2019-11-19,41,Male,Windy,Snowy,Driver,Non-Fatal
2019-10-11,35,Male,Overcast,Dry,Driver,Non-Fatal
2019-11-29,27,Female,Foggy,Slushy,Driver,Non-Fatal
2019-07-04,49,Female,Clear,Sandy,Rear Seat Passenger,Non-Fatal
2019-12-25,68,Male,Overcast,Sandy,Unknown,Non-Fatal
2019-02-07,79,Female,Unknown,Unknown,Driver,Non-Fatal
2019-03-24,56,Male,Overcast,Muddy,Driver,Fatal
2019-01-17,32,Male,Snowing,Oily,Front Seat Passenger,Non-Fatal
2019-08-13,69,Female,Clear,Sandy,Rear Seat Passenger,Non-Fatal
2019-08-04,43,Male,Raining,Dry,Driver,Fatal
2019-11-13,39,Female,Overcast,Unknown,Rear Seat Passenger,Non-Fatal
2019-04-12,77,Male,Unknown,Unknown,Rear Seat Passenger,Non-Fatal
2019-10-28,43,Female,Foggy,Slushy,Rear Seat Passenger,Non-Fatal
2019-05-19,18,Male,Clear,Slushy,Unknown,Non-Fatal
2019-09-28,37,Female,Raining,Icy,Driver,Non-Fatal
2019-02-06,59,Female,Clear,Snowy,Driver,Non-Fatal
2019-12-07,74,Female,Overcast,Slushy,Rear Seat Passenger,Non-Fatal
2019-04-03,71,Male,Snowing,Slushy,Rear Seat Passenger,Non-Fatal
2019-08-14,44,Male,Freezing Rain,Dry,Unknown,Non-Fatal
2019-05-03,26,Female,Unknown,Snowy,Front Seat Passenger,Non-Fatal
2019-11-15,42,Male,Snowing,Unknown,Front Seat Passenger,Non-Fatal
2019-07-26,37,Male,Snowing,Flooded,Driver,Non-Fatal
2019-12-16,78,Male,Clear,Snowy,Front Seat Passenger,Non-Fatal
2019-08-01,60,Male,Foggy,Wet,Rear Seat Passenger,Non-Fatal
2019-09-12,67,Female,Clear,Dry,Driver,Fatal
2019-12-15,46,Male,Foggy,Icy,Unknown,Non-Fatal
2019-07-07,23,Male,Windy,Oily,Driver,Fatal
2019-12-09,38,Female,Clear,Snowy,Unknown,Non-Fatal
2019-01-23,54,Male,Raining,Dry,Driver,Non-Fatal
2019-08-14,58,Male,Clear,Slushy,Unknown,Non-Fatal
2019-09-25,44,Female,Unknown,Icy,Driver,Fatal
2019-01-18,60,Female,Raining,Slushy,Rear Seat Passenger,Non-Fatal
2019-08-01,19,Male,Unknown,Dry,Front Seat Passenger,Non-Fatal
2019-08-05,62,Male,Foggy,Unknown,Driver,Non-Fatal
2019-10-24,32,Female,Clear,Icy,Driver,Non-Fatal
2019-09-03,55,Male,Unknown,Wet,Driver,Fatal
2019-09-12,72,Female,Windy,Muddy,Rear Seat Passenger,Fatal
2019-12-01,38,Male,Freezing Rain,Flooded,Driver,Fatal
2019-08-24,32,Female,Raining,Icy,Rear Seat Passenger,Non-Fatal
2019-03-12,72,Male,Windy,Dry,Rear Seat Passenger,Non-Fatal
2019-08-04,44,Female,Clear,Unknown,Driver,Non-Fatal
2019-11-01,35,Male,Overcast,Sandy,Driver,Non-Fatal
2019-08-07,54,Male,Freezing Rain,Wet,Driver,Fatal
2019-10-01,20,Female,Snowing,Slushy,Driver,Non-Fatal
2019-11-20,75,Male,Clear,Flooded,Unknown,Non-Fatal
2019-08-19,59,Male,Overcast,Flooded,Rear Seat Passenger,Non-Fatal
2019-08-11,18,Male,Freezing Rain,Sandy,Front Seat Passenger,Non-Fatal
2019-02-03,67,Male,Clear,Icy,Driver,Non-Fatal
2019-08-29,80,Male,Freezing Rain,Wet,Front Seat Passenger,Non-Fatal
2019-09-26,58,Male,Overcast,Snowy,Front Seat Passenger,Non-Fatal
2019-01-05,78,Male,Overcast,Wet,Rear Seat Passenger,Non-Fatal
2019-10-01,22,Male,Raining,Muddy,Front Seat Passenger,Non-Fatal
2019-09-04,79,Female,Snowing,Unknown,Driver,Non-Fatal
2019-09-07,50,Female,Overcast,Oily,Driver,Non-Fatal
2019-04-08,41,Male,Foggy,Wet,Driver,Non-Fatal
2019-02-13,66,Male,Raining,Wet,Front Seat Passenger,Non-Fatal
2019-05-13,52,Male,Foggy,Snowy,Driver,Non-Fatal
2019-05-01,18,Male,Clear,Wet,Front Seat Passenger,Non-Fatal
2019-08-06,75,Male,Unknown,Snowy,Front Seat Passenger,Non-Fatal
2019-11-14,48,Male,Clear,Snowy,Driver,Non-Fatal
2019-01-08,47,Male,Clear,Sandy,Front Seat Passenger,Non-Fatal
2019-12-31,26,Female,Raining,Snowy,Driver,Non-Fatal
2019-06-29,62,Male,Unknown,Slushy,Rear Seat Passenger,Non-Fatal
2019-10-29,71,Female,Clear,Icy,Front Seat Passenger,Fatal
2019-03-14,51,Female,Clear,Unknown,Driver,Non-Fatal
2019-04-29,79,Female,Unknown,Dry,Front Seat Passenger,Non-Fatal
2019-08-09,25,Male,Unknown,Unknown,Unknown,Non-Fatal
2019-06-01,59,Male,Raining,Dry,Front Seat Passenger,Non-Fatal
2019-08-02,58,Female,Overcast,Snowy,Driver,Non-Fatal
2019-09-18,36,Male,Foggy,Wet,Front Seat Passenger,Non-Fatal
2019-04-22,25,Female,Snowing,Wet,Driver,Non-Fatal
2019-03-05,64,Male,Clear,Slushy,Driver,Non-Fatal
2019-05-10,72,Female,Raining,Snowy,Driver,Non-Fatal
2019-06-11,67,Female,Snowing,Snowy,Unknown,Fatal
2019-11-08,63,Female,Unknown,Icy,Front Seat Passenger,Non-Fatal
2019-07-08,80,Female,Freezing Rain,Unknown,Driver,Fatal
2019-06-11,32,Female,Foggy,Muddy,Driver,Non-Fatal
2019-12-24,26,Female,Clear,Icy,Driver,Non-Fatal
2019-10-04,49,Male,Snowing,Oily,Driver,Non-Fatal
2019-04-13,52,Male,Unknown,Dry,Driver,Non-Fatal
2019-05-19,44,Male,Foggy,Slushy,Front Seat Passenger,Non-Fatal
2019-05-16,62,Female,Foggy,Slushy,Rear Seat Passenger,Non-Fatal
2019-04-04,54,Male,Raining,Icy,Driver,Fatal
2019-07-29,56,Male,Raining,Muddy,Rear Seat Passenger,Non-Fatal
2019-11-03,79,Female,Clear,Dry,Front Seat Passenger,Non-Fatal
2019-10-24,54,Male,Overcast,Snowy,Front Seat Passenger,Non-Fatal
2019-02-26,42,Female,Foggy,Snowy,Driver,Non-Fatal
2019-09-19,18,Female,Foggy,Dry,Driver,Non-Fatal
2019-03-06,26,Male,Foggy,Flooded,Driver,Fatal
2019-01-05,28,Male,Raining,Icy,Front Seat Passenger,Non-Fatal
2019-12-13,22,Female,Overcast,Slushy,Rear Seat Passenger,Non-Fatal
2019-09-28,59,Female,Overcast,Wet,Unknown,Fatal
2019-05-25,55,Female,Windy,Unknown,Front Seat Passenger,Fatal
2019-01-08,47,Male,Clear,Unknown,Driver,Non-Fatal
2019-02-07,43,Female,Overcast,Icy,Unknown,Non-Fatal
2019-05-21,21,Female,Raining,Wet,Rear Seat Passenger,Non-Fatal
2019-02-26,60,Male,Clear,Muddy,Front Seat Passenger,Non-Fatal
2019-12-19,50,Female,Raining,Dry,Front Seat Passenger,Non-Fatal
2019-12-23,78,Male,Snowing,Slushy,Unknown,Non-Fatal
2019-11-14,78,Female,Snowing,Unknown,Driver,Non-Fatal
2019-10-21,24,Female,Foggy,Dry,Unknown,Non-Fatal
2019-04-11,64,Male,Clear,Icy,Rear Seat Passenger,Unknown
2019-07-12,68,Female,Raining,Wet,Unknown,Non-Fatal
2019-02-17,76,Male,Raining,Dry,Front Seat Passenger,Non-Fatal
2019-03-05,72,Female,Windy,Snowy,Front Seat Passenger,Non-Fatal
2019-07-20,64,Male,Overcast,Sandy,Driver,Non-Fatal
2019-05-05,58,Male,Foggy,Snowy,Rear Seat Passenger,Non-Fatal
2019-03-28,74,Male,Raining,Icy,Driver,Non-Fatal
2019-05-19,45,Male,Snowing,Snowy,Driver,Non-Fatal
2019-10-13,40,Male,Unknown,Wet,Driver,Non-Fatal
2019-09-18,67,Female,Raining,Unknown,Rear Seat Passenger,Non-Fatal
2019-01-27,63,Male,Overcast,Slushy,Unknown,Non-Fatal
2019-10-13,20,Male,Freezing Rain,Snowy,Rear Seat Passenger,Non-Fatal
2019-03-27,29,Female,Clear,Wet,Driver,Unknown
2019-07-06,49,Male,Clear,Flooded,Unknown,Fatal
2019-05-22,51,Male,Clear,Flooded,Front Seat Passenger,Non-Fatal
2019-04-04,26,Female,Overcast,Icy,Driver,Non-Fatal
2019-02-12,21,Male,Clear,Snowy,Driver,Non-Fatal
2019-08-13,78,Male,Foggy,Flooded,Front Seat Passenger,Non-Fatal
2019-05-08,79,Male,Overcast,Slushy,Rear Seat Passenger,Non-Fatal
2019-02-27,35,Female,Clear,Oily,Driver,Non-Fatal
2019-06-11,55,Male,Snowing,Sandy,Rear Seat Passenger,Non-Fatal
2019-11-02,67,Female,Clear,Snowy,Unknown,Non-Fatal
2019-08-02,28,Male,Clear,Dry,Front Seat Passenger,Non-Fatal
2019-03-02,52,Male,Unknown,Dry,Front Seat Passenger,Non-Fatal
2019-01-06,52,Male,Windy,Wet,Front Seat Passenger,Non-Fatal
2019-01-21,55,Female,Foggy,Icy,Front Seat Passenger,Non-Fatal
2019-12-04,74,Female,Snowing,Sandy,Unknown,Fatal
2019-09-12,57,Female,Raining,Wet,Front Seat Passenger,Non-Fatal
2019-09-22,36,Female,Overcast,Slushy,Front Seat Passenger,Fatal
2019-09-17,66,Female,Overcast,Wet,Rear Seat Passenger,Non-Fatal
2019-05-06,50,Male,Overcast,Dry,Rear Seat Passenger,Non-Fatal
2019-02-20,80,Female,Unknown,Unknown,Unknown,Non-Fatal
2019-08-03,35,Female,Freezing Rain,Wet,Driver,Unknown
2019-08-31,63,Female,Raining,Muddy,Driver,Non-Fatal
2019-07-07,31,Female,Snowing,Wet,Rear Seat Passenger,Non-Fatal
2019-03-21,58,Male,Clear,Icy,Front Seat Passenger,Non-Fatal
2019-01-30,79,Male,Raining,Snowy,Unknown,Fatal
2019-11-09,76,Female,Overcast,Sandy,Driver,Non-Fatal
2019-06-14,29,Female,Clear,Icy,Driver,Fatal
2019-08-05,53,Male,Clear,Muddy,Front Seat Passenger,Non-Fatal
2019-08-04,62,Male,Unknown,Dry,Front Seat Passenger,Unknown
2019-09-04,28,Male,Clear,Icy,Driver,Fatal
2019-03-15,32,Female,Clear,Icy,Driver,Non-Fatal
2019-07-30,55,Male,Clear,Snowy,Driver,Non-Fatal
2019-05-10,69,Male,Clear,Sandy,Rear Seat Passenger,Non-Fatal
2019-08-22,21,Male,Raining,Icy,Front Seat Passenger,Non-Fatal
2019-11-28,21,Female,Clear,Icy,Front Seat Passenger,Non-Fatal
2019-01-18,58,Female,Snowing,Snowy,Unknown,Non-Fatal
2019-05-28,24,Male,Windy,Muddy,Front Seat Passenger,Non-Fatal
2019-01-07,48,Female,Clear,Flooded,Rear Seat Passenger,Non-Fatal
2019-11-29,25,Female,Raining,Dry,Rear Seat Passenger,Non-Fatal
2019-02-28,50,Female,Overcast,Snowy,Front Seat Passenger,Non-Fatal
2019-11-01,78,Female,Snowing,Muddy,Driver,Non-Fatal
2019-07-17,26,Female,Raining,Wet,Front Seat Passenger,Non-Fatal
2019-09-06,22,Male,Clear,Sandy,Driver,Non-Fatal
2019-10-06,43,Male,Foggy,Wet,Front Seat Passenger,Non-Fatal
2019-01-01,21,Female,Foggy,Unknown,Rear Seat Passenger,Non-Fatal
2019-08-09,39,Male,Clear,Unknown,Rear Seat Passenger,Non-Fatal
2019-12-19,34,Female,Windy,Sandy,Driver,Non-Fatal
2019-09-30,53,Male,Foggy,Muddy,Unknown,Non-Fatal
2019-05-29,71,Female,Unknown,Slushy,Driver,Non-Fatal
2019-01-25,35,Female,Foggy,Dry,Unknown,Fatal
2019-08-17,23,Female,Overcast,Icy,Driver,Non-Fatal
2019-03-22,77,Male,Overcast,Wet,Driver,Non-Fatal
2019-07-06,47,Female,Raining,Icy,Rear Seat Passenger,Non-Fatal
2019-05-27,75,Female,Overcast,Sandy,Driver,Fatal
2019-12-18,24,Male,Raining,Wet,Unknown,Non-Fatal
2019-04-12,52,Female,Unknown,Sandy,Unknown,Non-Fatal
2019-06-17,48,Male,Raining,Slushy,Front Seat Passenger,Non-Fatal
2019-09-02,40,Male,Snowing,Slushy,Front Seat Passenger,Non-Fatal
2019-01-12,71,Female,Overcast,Icy,Driver,Non-Fatal
2019-02-13,66,Male,Raining,Muddy,Front Seat Passenger,Non-Fatal
2019-06-06,48,Female,Unknown,Unknown,Rear Seat Passenger,Non-Fatal
2019-04-06,57,Male,Clear,Slushy,Driver,Non-Fatal
2019-03-18,46,Male,Clear,Sandy,Driver,Unknown
2019-10-14,43,Female,Overcast,Slushy,Rear Seat Passenger,Non-Fatal
2019-04-01,77,Female,Freezing Rain,Wet,Rear Seat Passenger,Non-Fatal
2019-03-26,56,Female,Snowing,Dry,Front Seat Passenger,Fatal
2019-05-16,30,Male,Snowing,Muddy,Front Seat Passenger,Non-Fatal
2019-01-31,76,Female,Foggy,Dry,Driver,Non-Fatal
2019-07-13,68,Male,Raining,Slushy,Driver,Non-Fatal
2019-04-30,23,Female,Foggy,Snowy,Front Seat Passenger,Non-Fatal
2019-11-04,60,Female,Freezing Rain,Sandy,Rear Seat Passenger,Non-Fatal
2019-02-22,66,Male,Clear,Wet,Unknown,Unknown
2019-12-30,53,Female,Clear,Wet,Driver,Non-Fatal
2019-06-08,50,Male,Foggy,Flooded,Front Seat Passenger,Fatal
2019-09-09,26,Female,Freezing Rain,Sandy,Driver,Non-Fatal
2019-05-01,66,Male,Foggy,Slushy,Front Seat Passenger,Non-Fatal
2019-05-18,28,Male,Unknown,Flooded,Driver,Non-Fatal
2019-02-06,74,Female,Foggy,Slushy,Driver,Non-Fatal
2019-02-21,22,Male,Clear,Oily,Driver,Non-Fatal
2019-09-26,25,Female,Raining,Icy,Unknown,Fatal
2019-12-19,41,Male,Unknown,Dry,Rear Seat Passenger,Fatal
2019-09-30,19,Female,Clear,Muddy,Driver,Unknown
2019-06-08,35,Female,Overcast,Wet,Front Seat Passenger,Non-Fatal
2019-11-20,19,Male,Clear,Icy,Driver,Non-Fatal
2019-08-07,26,Female,Unknown,Oily,Rear Seat Passenger,Non-Fatal
2019-06-04,24,Male,Clear,Snowy,Front Seat Passenger,Non-Fatal
2019-02-01,58,Female,Clear,Wet,Driver,Non-Fatal
2019-01-28,66,Male,Overcast,Wet,Front Seat Passenger,Non-Fatal
2019-02-10,22,Male,Overcast,Wet,Rear Seat Passenger,Non-Fatal
2019-05-29,74,Female,Raining,Wet,Driver,Non-Fatal
2019-11-25,61,Male,Overcast,Wet,Rear Seat Passenger,Unknown
2019-09-01,46,Female,Raining,Slushy,Rear Seat Passenger,Non-Fatal
2019-07-03,80,Female,Raining,Dry,Rear Seat Passenger,Non-Fatal
2019-05-27,20,Female,Unknown,Wet,Driver,Non-Fatal
2019-11-30,78,Female,Raining,Wet,Rear Seat Passenger,Non-Fatal
2019-06-29,28,Female,Clear,Sandy,Rear Seat Passenger,Non-Fatal
2019-12-17,36,Female,Snowing,Slushy,Rear Seat Passenger,Non-Fatal
2019-10-14,61,Male,Unknown,Slushy,Rear Seat Passenger,Non-Fatal
2019-02-08,33,Female,Clear,Wet,Driver,Non-Fatal
2019-05-28,26,Female,Clear,Wet,Unknown,Non-Fatal
2019-12-21,32,Male,Overcast,Unknown,Front Seat Passenger,Non-Fatal
2019-01-03,30,Female,Foggy,Unknown,Front Seat Passenger,Fatal
2019-06-26,60,Female,Snowing,Wet,Rear Seat Passenger,Fatal
2019-07-06,20,Female,Snowing,Sandy,Driver,Non-Fatal
2019-09-09,67,Male,Raining,Snowy,Driver,Non-Fatal
2019-06-15,50,Male,Overcast,Flooded,Rear Seat Passenger,Non-Fatal
2019-08-26,39,Male,Raining,Sandy,Front Seat Passenger,Non-Fatal
2019-03-04,35,Male,Unknown,Muddy,Front Seat Passenger,Non-Fatal
2019-09-29,63,Male,Unknown,Dry,Rear Seat Passenger,Non-Fatal
2019-02-07,39,Female,Overcast,Muddy,Driver,Non-Fatal
2019-09-01,44,Male,Unknown,Wet,Rear Seat Passenger,Non-Fatal
2019-08-20,70,Female,Foggy,Unknown,Front Seat Passenger,Non-Fatal
2019-12-16,25,Female,Freezing Rain,Sandy,Driver,Non-Fatal
2019-09-02,35,Male,Windy,Flooded,Rear Seat Passenger,Fatal
2019-04-05,52,Male,Overcast,Icy,Driver,Non-Fatal
2019-12-21,39,Female,Overcast,Snowy,Front Seat Passenger,Non-Fatal
2019-07-02,66,Female,Snowing,Flooded,Rear Seat Passenger,Non-Fatal
2019-06-19,18,Male,Windy,Icy,Driver,Non-Fatal
2019-07-03,68,Female,Unknown,Flooded,Rear Seat Passenger,Non-Fatal
2019-05-09,18,Female,Snowing,Muddy,Unknown,Non-Fatal
2019-05-10,72,Female,Clear,Icy,Driver,Non-Fatal
2019-03-27,51,Male,Overcast,Wet,Front Seat Passenger,Non-Fatal
2019-10-31,38,Female,Unknown,Dry,Driver,Non-Fatal
2019-06-15,59,Female,Overcast,Flooded,Rear Seat Passenger,Non-Fatal
2019-09-07,25,Male,Clear,Unknown,Front Seat Passenger,Fatal
2019-04-27,21,Male,Overcast,Wet,Driver,Non-Fatal
2019-10-09,36,Male,Unknown,Dry,Driver,Non-Fatal
2019-06-02,33,Female,Clear,Wet,Driver,Non-Fatal
2019-02-04,61,Female,Overcast,Dry,Driver,Non-Fatal
2019-07-22,70,Female,Overcast,Snowy,Rear Seat Passenger,Non-Fatal
2019-09-01,69,Male,Clear,Slushy,Front Seat Passenger,Fatal
2019-10-20,60,Female,Overcast,Icy,Front Seat Passenger,Non-Fatal
2019-02-23,64,Male,Clear,Muddy,Front Seat Passenger,Unknown
2019-12-21,55,Female,Raining,Oily,Driver,Fatal
2019-01-29,72,Female,Unknown,Flooded,Front Seat Passenger,Non-Fatal
2019-01-28,80,Female,Unknown,Slushy,Unknown,Non-Fatal
2019-09-21,21,Female,Clear,Wet,Driver,Non-Fatal
2019-09-06,66,Male,Freezing Rain,Icy,Driver,Non-Fatal
2019-02-03,27,Female,Overcast,Snowy,Front Seat Passenger,Non-Fatal
2019-11-13,72,Female,Overcast,Dry,Front Seat Passenger,Non-Fatal
2019-07-03,36,Male,Foggy,Dry,Driver,Fatal
2019-08-21,60,Female,Freezing Rain,Dry,Front Seat Passenger,Non-Fatal
2019-02-18,49,Female,Overcast,Sandy,Rear Seat Passenger,Non-Fatal
2019-11-04,34,Female,Freezing Rain,Wet,Front Seat Passenger,Non-Fatal
2019-07-16,70,Male,Snowing,Snowy,Rear Seat Passenger,Fatal
2019-04-25,67,Male,Raining,Slushy,Unknown,Non-Fatal
2019-05-25,23,Female,Snowing,Slushy,Driver,Non-Fatal
2019-08-06,53,Male,Unknown,Oily,Rear Seat Passenger,Non-Fatal
2019-08-18,51,Male,Overcast,Dry,Driver,Non-Fatal
2019-09-22,28,Male,Clear,Snowy,Driver,Non-Fatal
2019-08-29,27,Female,Windy,Unknown,Front Seat Passenger,Non-Fatal
2019-04-16,22,Male,Overcast,Unknown,Rear Seat Passenger,Non-Fatal
2019-04-05,54,Male,Overcast,Snowy,Driver,Unknown
2019-12-11,33,Male,Raining,Unknown,Driver,Non-Fatal
2019-06-17,80,Female,Clear,Wet,Front Seat Passenger,Non-Fatal
2019-10-12,24,Male,Clear,Unknown,Unknown,Non-Fatal
2019-12-07,30,Male,Clear,Muddy,Front Seat Passenger,Non-Fatal
2019-05-31,29,Female,Clear,Snowy,Unknown,Non-Fatal
2019-01-11,29,Female,Unknown,Slushy,Driver,Non-Fatal
2019-01-27,30,Male,Clear,Slushy,Driver,Non-Fatal
2019-04-10,61,Male,Clear,Muddy,Driver,Non-Fatal
2019-12-05,50,Female,Snowing,Snowy,Driver,Non-Fatal
2019-05-15,49,Male,Raining,Oily,Unknown,Non-Fatal
2019-06-20,41,Female,Snowing,Oily,Driver,Non-Fatal
2019-12-05,35,Male,Windy,Icy,Driver,Non-Fatal
2019-08-23,78,Female,Unknown,Slushy,Front Seat Passenger,Non-Fatal
2019-01-15,38,Male,Snowing,Snowy,Front Seat Passenger,Non-Fatal
2019-10-30,77,Male,Snowing,Flooded,Driver,Fatal
2019-05-09,71,Female,Overcast,Unknown,Driver,Non-Fatal
2019-02-11,50,Female,Unknown,Icy,Front Seat Passenger,Non-Fatal
2019-10-27,54,Female,Raining,Muddy,Front Seat Passenger,Fatal
2019-03-31,76,Male,Foggy,Wet,Driver,Non-Fatal
2019-05-01,32,Female,Foggy,Sandy,Driver,Non-Fatal
2019-08-08,75,Male,Clear,Unknown,Driver,Fatal
2019-05-23,51,Male,Raining,Sandy,Driver,Fatal
2019-10-19,30,Female,Foggy,Unknown,Front Seat Passenger,Non-Fatal
2019-05-06,53,Male,Foggy,Sandy,Front Seat Passenger,Non-Fatal
2019-10-31,42,Male,Raining,Wet,Front Seat Passenger,Non-Fatal
2019-06-13,35,Female,Raining,Oily,Rear Seat Passenger,Non-Fatal
2019-08-26,21,Female,Clear,Unknown,Rear Seat Passenger,Non-Fatal
2019-08-29,43,Female,Raining,Oily,Driver,Non-Fatal
2019-09-15,72,Female,Raining,Wet,Rear Seat Passenger,Non-Fatal
2019-04-21,33,Male,Snowing,Snowy,Driver,Non-Fatal
2019-04-11,46,Female,Overcast,Slushy,Driver,Non-Fatal
2019-03-08,23,Female,Clear,Sandy,Front Seat Passenger,Fatal
2019-05-20,45,Female,Clear,Unknown,Driver,Non-Fatal
2019-04-12,76,Male,Unknown,Wet,Front Seat Passenger,Fatal
2019-06-14,70,Female,Overcast,Icy,Front Seat Passenger,Non-Fatal
2019-08-15,73,Female,Snowing,Muddy,Unknown,Fatal
2019-01-09,40,Male,Freezing Rain,Icy,Front Seat Passenger,Fatal
2019-08-05,29,Female,Clear,Snowy,Driver,Non-Fatal
2019-12-15,23,Male,Overcast,Sandy,Driver,Non-Fatal
2019-12-11,64,Female,Clear,Flooded,Front Seat Passenger,Non-Fatal
2019-11-17,41,Male,Raining,Unknown,Driver,Non-Fatal
2019-11-05,67,Female,Freezing Rain,Muddy,Front Seat Passenger,Non-Fatal
2019-12-13,76,Male,Clear,Icy,Rear Seat Passenger,Non-Fatal
2019-10-07,61,Female,Overcast,Icy,Driver,Non-Fatal
2019-03-06,30,Male,Overcast,Flooded,Rear Seat Passenger,Non-Fatal
2019-01-14,64,Female,Unknown,Wet,Driver,Non-Fatal
2019-05-10,69,Female,Unknown,Dry,Unknown,Fatal
2019-07-16,36,Male,Clear,Wet,Driver,Non-Fatal
2019-08-17,32,Male,Clear,Icy,Driver,Unknown
2019-09-07,60,Female,Clear,Icy,Driver,Fatal
2019-05-27,49,Female,Clear,Snowy,Rear Seat Passenger,Non-Fatal
2019-11-26,79,Female,Clear,Icy,Driver,Non-Fatal
2019-02-07,80,Male,Windy,Icy,Driver,Non-Fatal
2019-03-18,71,Female,Snowing,Sandy,Driver,Fatal
2019-11-08,68,Female,Clear,Dry,Driver,Non-Fatal
2019-08-16,21,Female,Overcast,Icy,Rear Seat Passenger,Fatal
2019-04-26,36,Male,Clear,Sandy,Driver,Non-Fatal
2019-08-29,37,Male,Unknown,Sandy,Unknown,Non-Fatal
2019-11-24,55,Male,Unknown,Muddy,Rear Seat Passenger,Unknown
2019-07-17,30,Male,Overcast,Snowy,Front Seat Passenger,Non-Fatal
2019-08-25,55,Female,Unknown,Oily,Driver,Non-Fatal
2019-09-04,21,Male,Raining,Wet,Rear Seat Passenger,Fatal
2019-05-14,79,Female,Snowing,Unknown,Driver,Fatal
2019-10-13,68,Male,Overcast,Icy,Rear Seat Passenger,Non-Fatal
2019-11-04,53,Female,Foggy,Dry,Front Seat Passenger,Non-Fatal
2019-09-30,41,Female,Overcast,Slushy,Rear Seat Passenger,Non-Fatal
2019-06-08,66,Male,Snowing,Wet,Rear Seat Passenger,Non-Fatal
2019-08-11,56,Female,Foggy,Flooded,Front Seat Passenger,Non-Fatal
2019-09-22,62,Female,Overcast,Unknown,Driver,Non-Fatal
2019-08-10,23,Female,Clear,Icy,Driver,Non-Fatal
2019-02-22,32,Female,Overcast,Sandy,Driver,Non-Fatal
2019-07-27,35,Male,Clear,Snowy,Driver,Non-Fatal
2019-11-30,20,Male,Raining,Wet,Driver,Non-Fatal
2019-07-04,64,Female,Clear,Slushy,Driver,Non-Fatal
2019-08-12,62,Male,Overcast,Oily,Rear Seat Passenger,Non-Fatal
2019-10-16,35,Male,Clear,Wet,Front Seat Passenger,Non-Fatal
2019-01-01,76,Female,Overcast,Muddy,Rear Seat Passenger,Non-Fatal
2019-03-11,21,Male,Windy,Sandy,Front Seat Passenger,Non-Fatal
2019-10-04,45,Female,Clear,Icy,Driver,Non-Fatal
2019-08-18,50,Female,Raining,Wet,Front Seat Passenger,Non-Fatal
2019-03-02,46,Male,Raining,Wet,Driver,Non-Fatal
2019-09-09,65,Male,Freezing Rain,Dry,Driver,Fatal
2019-07-10,36,Male,Unknown,Snowy,Front Seat Passenger,Fatal
2019-07-17,33,Male,Snowing,Snowy,Driver,Non-Fatal
2019-01-27,68,Male,Raining,Oily,Driver,Non-Fatal
2019-06-19,38,Male,Raining,Dry,Front Seat Passenger,Non-Fatal
2019-05-31,26,Female,Unknown,Slushy,Driver,Non-Fatal
2019-04-20,71,Male,Unknown,Flooded,Rear Seat Passenger,Non-Fatal
2019-10-11,25,Male,Overcast,Dry,Unknown,Non-Fatal
2019-05-10,36,Female,Clear,Wet,Driver,Non-Fatal
2019-11-16,77,Male,Raining,Unknown,Rear Seat Passenger,Non-Fatal
2019-04-20,26,Female,Unknown,Icy,Driver,Non-Fatal
2019-01-09,30,Male,Raining,Dry,Front Seat Passenger,Non-Fatal
2019-07-31,33,Female,Overcast,Dry,Rear Seat Passenger,Fatal
2019-11-29,31,Female,Raining,Slushy,Rear Seat Passenger,Non-Fatal
2019-07-31,33,Female,Foggy,Sandy,Front Seat Passenger,Non-Fatal
2019-05-08,43,Female,Overcast,Dry,Driver,Unknown
2019-01-22,35,Male,Snowing,Dry,Driver,Non-Fatal
2019-04-04,27,Female,Raining,Wet,Driver,Non-Fatal
2019-10-23,29,Female,Overcast,Dry,Driver,Non-Fatal
2019-06-10,41,Male,Unknown,Wet,Rear Seat Passenger,Non-Fatal
2019-08-23,74,Male,Snowing,Sandy,Unknown,Non-Fatal
2019-10-25,43,Male,Raining,Sandy,Rear Seat Passenger,Non-Fatal
2019-06-12,42,Female,Clear,Muddy,Rear Seat Passenger,Non-Fatal
2019-03-16,79,Female,Windy,Slushy,Rear Seat Passenger,Non-Fatal
2019-07-27,76,Female,Freezing Rain,Muddy,Front Seat Passenger,Non-Fatal
2019-02-05,64,Male,Overcast,Snowy,Driver,Non-Fatal
2019-05-23,26,Female,Overcast,Slushy,Rear Seat Passenger,Non-Fatal
2019-11-13,19,Female,Foggy,Muddy,Driver,Non-Fatal
2019-08-07,68,Female,Snowing,Wet,Front Seat Passenger,Non-Fatal
2019-07-25,19,Female,Snowing,Wet,Front Seat Passenger,Fatal
2019-06-05,78,Female,Unknown,Muddy,Driver,Non-Fatal
2019-01-04,21,Male,Overcast,Icy,Driver,Non-Fatal
2019-10-19,76,Male,Foggy,Slushy,Front Seat Passenger,Non-Fatal
2019-12-22,21,Female,Clear,Wet,Driver,Non-Fatal
2019-09-29,46,Male,Clear,Slushy,Rear Seat Passenger,Non-Fatal
2019-10-09,48,Female,Clear,Snowy,Driver,Non-Fatal
2019-10-06,75,Male,Overcast,Muddy,Driver,Non-Fatal
2019-03-05,79,Female,Unknown,Dry,Front Seat Passenger,Non-Fatal
2019-09-27,25,Male,Overcast,Muddy,Front Seat Passenger,Unknown
2019-01-30,72,Female,Clear,Flooded,Rear Seat Passenger,Non-Fatal
2019-12-06,20,Female,Raining,Dry,Driver,Non-Fatal
2019-05-06,26,Male,Unknown,Flooded,Unknown,Non-Fatal
2019-04-16,69,Male,Foggy,Wet,Driver,Unknown
2019-04-22,18,Male,Snowing,Unknown,Driver,Fatal
2019-06-09,77,Female,Overcast,Flooded,Rear Seat Passenger,Non-Fatal
2019-02-21,26,Female,Overcast,Dry,Driver,Non-Fatal
2019-09-20,60,Female,Overcast,Wet,Driver,Non-Fatal
2019-10-28,53,Male,Clear,Muddy,Driver,Unknown
2019-04-28,41,Female,Overcast,Wet,Rear Seat Passenger,Non-Fatal
2019-02-18,23,Female,Overcast,Muddy,Rear Seat Passenger,Non-Fatal
2019-07-15,34,Male,Unknown,Unknown,Unknown,Non-Fatal
2019-09-12,28,Male,Unknown,Oily,Driver,Non-Fatal
2019-10-18,73,Female,Clear,Dry,Driver,Non-Fatal
2019-10-25,74,Female,Foggy,Slushy,Driver,Non-Fatal
2019-05-14,29,Male,Snowing,Snowy,Front Seat Passenger,Fatal
2019-08-31,38,Male,Raining,Snowy,Driver,Non-Fatal
2019-02-01,35,Female,Unknown,Muddy,Rear Seat Passenger,Non-Fatal
2019-11-17,56,Female,Clear,Snowy,Unknown,Non-Fatal
2019-02-21,55,Female,Snowing,Muddy,Unknown,Non-Fatal
2019-03-02,51,Male,Clear,Muddy,Rear Seat Passenger,Non-Fatal
2019-05-28,56,Male,Raining,Wet,Driver,Non-Fatal
2019-07-02,19,Male,Unknown,Wet,Front Seat Passenger,Non-Fatal
2019-04-27,61,Female,Raining,Icy,Front Seat Passenger,Non-Fatal
2019-07-26,37,Male,Overcast,Unknown,Driver,Fatal
2019-12-25,27,Male,Unknown,Muddy,Rear Seat Passenger,Non-Fatal
2019-11-10,68,Male,Raining,Icy,Front Seat Passenger,Fatal
2019-06-11,27,Female,Unknown,Flooded,Front Seat Passenger,Non-Fatal
2019-10-19,50,Male,Clear,Slushy,Unknown,Non-Fatal
2019-01-25,44,Female,Clear,Icy,Rear Seat Passenger,Non-Fatal
2019-08-18,25,Male,Snowing,Snowy,Driver,Fatal
2019-10-05,35,Female,Clear,Wet,Driver,Non-Fatal
2019-01-25,53,Female,Raining,Dry,Rear Seat Passenger,Non-Fatal
2019-07-31,72,Male,Clear,Muddy,Driver,Non-Fatal
2019-02-07,61,Male,Overcast,Muddy,Driver,Non-Fatal
2019-06-13,68,Male,Windy,Snowy,Unknown,Non-Fatal
2019-05-11,75,Female,Clear,Dry,Driver,Fatal
2019-12-23,61,Male,Overcast,Slushy,Driver,Fatal
2019-02-26,41,Male,Raining,Wet,Driver,Non-Fatal
2019-01-07,24,Male,Unknown,Flooded,Rear Seat Passenger,Non-Fatal
2019-09-18,21,Male,Foggy,Icy,Front Seat Passenger,Non-Fatal
2019-03-07,29,Male,Raining,Snowy,Front Seat Passenger,Fatal
2019-10-13,29,Female,Overcast,Icy,Front Seat Passenger,Non-Fatal
2019-01-01,77,Male,Clear,Muddy,Front Seat Passenger,Fatal
2019-09-15,79,Male,Snowing,Unknown,Driver,Non-Fatal
2019-11-29,53,Male,Overcast,Snowy,Front Seat Passenger,Fatal
2019-03-16,75,Male,Freezing Rain,Snowy,Rear Seat Passenger,Non-Fatal
2019-10-17,60,Male,Clear,Sandy,Driver,Non-Fatal
2019-08-29,58,Female,Freezing Rain,Wet,Rear Seat Passenger,Non-Fatal
2019-06-22,59,Female,Clear,Dry,Driver,Non-Fatal
2019-12-10,50,Female,Raining,Unknown,Unknown,Fatal
2019-08-29,59,Male,Overcast,Flooded,Driver,Non-Fatal
2019-08-11,53,Female,Windy,Icy,Driver,Non-Fatal
2019-10-09,21,Male,Clear,Sandy,Driver,Non-Fatal
2019-11-08,65,Female,Unknown,Wet,Unknown,Non-Fatal
2019-07-22,51,Male,Foggy,Dry,Rear Seat Passenger,Non-Fatal
2019-04-22,65,Male,Clear,Oily,Driver,Non-Fatal
2019-11-17,67,Female,Snowing,Slushy,Front Seat Passenger,Non-Fatal
2019-06-28,28,Male,Freezing Rain,Wet,Unknown,Non-Fatal
2019-03-30,80,Female,Snowing,Oily,Driver,Non-Fatal
2019-10-25,44,Female,Snowing,Muddy,Front Seat Passenger,Non-Fatal
2019-05-12,36,Male,Freezing Rain,Muddy,Front Seat Passenger,Non-Fatal
2019-10-30,65,Female,Raining,Muddy,Front Seat Passenger,Non-Fatal
2019-05-28,75,Female,Unknown,Muddy,Front Seat Passenger,Non-Fatal
2019-05-01,52,Female,Overcast,Muddy,Front Seat Passenger,Non-Fatal
2019-10-29,72,Female,Foggy,Unknown,Driver,Non-Fatal
2019-12-14,78,Female,Clear,Sandy,Unknown,Non-Fatal
2019-03-02,48,Male,Snowing,Muddy,Unknown,Non-Fatal
2019-02-03,65,Female,Freezing Rain,Dry,Unknown,Non-Fatal
2019-12-23,29,Male,Clear,Muddy,Front Seat Passenger,Non-Fatal
2019-11-15,34,Male,Clear,Dry,Front Seat Passenger,Non-Fatal
2019-07-17,32,Female,Foggy,Dry,Driver,Unknown
2019-06-28,41,Male,Overcast,Wet,Driver,Non-Fatal
2019-02-25,29,Male,Foggy,Wet,Unknown,Non-Fatal
2019-05-04,19,Female,Foggy,Snowy,Driver,Non-Fatal
2019-06-15,38,Female,Raining,Snowy,Driver,Non-Fatal
2019-02-04,28,Male,Overcast,Wet,Driver,Non-Fatal
2019-04-16,32,Male,Unknown,Wet,Driver,Non-Fatal
2019-09-03,41,Female,Overcast,Icy,Driver,Fatal
2019-01-08,32,Male,Raining,Slushy,Driver,Non-Fatal
2019-11-19,42,Male,Snowing,Sandy,Driver,Non-Fatal
2019-06-04,67,Male,Overcast,Muddy,Front Seat Passenger,Non-Fatal
2019-04-06,61,Male,Unknown,Slushy,Front Seat Passenger,Non-Fatal
2019-04-23,31,Male,Clear,Icy,Front Seat Passenger,Non-Fatal
2019-04-05,75,Female,Overcast,Icy,Front Seat Passenger,Non-Fatal
2019-05-25,49,Male,Clear,Unknown,Driver,Non-Fatal
2019-08-18,30,Male,Foggy,Wet,Driver,Fatal
2019-11-07,64,Male,Overcast,Snowy,Rear Seat Passenger,Non-Fatal
2019-12-24,56,Male,Raining,Sandy,Front Seat Passenger,Non-Fatal
2019-04-09,75,Male,Unknown,Icy,Front Seat Passenger,Non-Fatal
2019-05-16,24,Male,Unknown,Muddy,Front Seat Passenger,Non-Fatal
2019-03-14,20,Female,Snowing,Muddy,Front Seat Passenger,Non-Fatal
2019-07-24,54,Female,Windy,Unknown,Driver,Non-Fatal
2019-10-17,40,Female,Unknown,Unknown,Rear Seat Passenger,Non-Fatal
2019-07-27,39,Female,Unknown,Oily,Rear Seat Passenger,Non-Fatal
2019-04-17,31,Female,Foggy,Sandy,Driver,Non-Fatal
2019-12-14,50,Male,Raining,Unknown,Driver,Non-Fatal
2019-08-10,19,Male,Raining,Flooded,Driver,Non-Fatal
2019-04-22,75,Female,Unknown,Dry,Rear Seat Passenger,Fatal
2019-01-22,66,Female,Foggy,Unknown,Driver,Unknown
2019-09-24,77,Male,Overcast,Dry,Driver,Non-Fatal
2019-10-26,53,Male,Unknown,Muddy,Front Seat Passenger,Fatal
2019-09-30,40,Female,Freezing Rain,Flooded,Driver,Non-Fatal
2019-08-04,49,Female,Foggy,Snowy,Front Seat Passenger,Fatal
2019-11-28,39,Male,Clear,Slushy,Driver,Non-Fatal
2019-07-06,39,Male,Snowing,Unknown,Front Seat Passenger,Non-Fatal
2019-05-13,76,Male,Foggy,Slushy,Rear Seat Passenger,Non-Fatal
2019-11-05,30,Female,Clear,Snowy,Front Seat Passenger,Non-Fatal
2019-05-14,66,Female,Snowing,Sandy,Front Seat Passenger,Non-Fatal
2019-12-25,21,Female,Snowing,Sandy,Driver,Non-Fatal
2019-01-18,68,Female,Raining,Oily,Front Seat Passenger,Non-Fatal
2019-06-26,30,Male,Raining,Wet,Front Seat Passenger,Non-Fatal
2019-06-11,57,Female,Overcast,Sandy,Driver,Non-Fatal
2019-05-10,39,Female,Foggy,Wet,Front Seat Passenger,Non-Fatal
2019-07-09,46,Female,Raining,Muddy,Driver,Non-Fatal
2019-06-10,44,Female,Clear,Slushy,Front Seat Passenger,Non-Fatal
2019-01-13,78,Female,Unknown,Wet,Rear Seat Passenger,Fatal
2019-03-22,69,Male,Clear,Snowy,Driver,Non-Fatal
2019-11-07,57,Male,Raining,Dry,Front Seat Passenger,Non-Fatal
2019-08-16,51,Female,Snowing,Snowy,Front Seat Passenger,Non-Fatal
2019-08-26,35,Male,Snowing,Dry,Front Seat Passenger,Non-Fatal
2019-01-09,75,Female,Snowing,Dry,Driver,Non-Fatal
2019-01-08,67,Male,Overcast,Dry,Driver,Non-Fatal
2019-08-03,25,Female,Raining,Icy,Driver,Non-Fatal
2019-02-06,79,Male,Unknown,Slushy,Driver,Non-Fatal
2019-03-12,74,Female,Raining,Muddy,Front Seat Passenger,Non-Fatal
2019-05-26,47,Female,Overcast,Flooded,Unknown,Non-Fatal
2019-04-01,51,Female,Raining,Icy,Rear Seat Passenger,Non-Fatal
2019-12-04,51,Female,Snowing,Unknown,Rear Seat Passenger,Fatal
2019-11-21,74,Male,Raining,Wet,Driver,Unknown
2019-07-15,72,Male,Windy,Icy,Driver,Non-Fatal
2019-05-14,65,Female,Overcast,Slushy,Driver,Non-Fatal
2019-03-19,78,Male,Foggy,Wet,Unknown,Non-Fatal
2019-10-06,43,Female,Overcast,Sandy,Driver,Non-Fatal
2019-05-11,53,Male,Raining,Sandy,Driver,Non-Fatal
2019-07-18,73,Male,Clear,Icy,Driver,Non-Fatal
2019-08-26,47,Male,Overcast,Unknown,Rear Seat Passenger,Fatal
2019-08-20,22,Male,Overcast,Slushy,Unknown,Non-Fatal
2019-12-16,74,Female,Raining,Oily,Rear Seat Passenger,Non-Fatal
2019-02-16,70,Male,Snowing,Unknown,Front Seat Passenger,Fatal
2019-08-19,42,Female,Clear,Wet,Rear Seat Passenger,Non-Fatal
2019-01-31,59,Female,Raining,Wet,Driver,Non-Fatal
2019-10-15,20,Male,Clear,Dry,Driver,Non-Fatal
2019-04-08,27,Male,Windy,Dry,Unknown,Non-Fatal
2019-04-26,47,Female,Overcast,Unknown,Unknown,Non-Fatal
2019-07-07,24,Male,Foggy,Snowy,Unknown,Non-Fatal
2019-09-21,62,Female,Unknown,Dry,Driver,Non-Fatal
2019-04-06,40,Female,Raining,Wet,Driver,Non-Fatal
2019-10-24,32,Female,Windy,Icy,Driver,Fatal
2019-12-26,34,Male,Overcast,Slushy,Rear Seat Passenger,Non-Fatal
2019-04-06,41,Male,Snowing,Flooded,Front Seat Passenger,Non-Fatal
2019-03-30,71,Female,Windy,Unknown,Front Seat Passenger,Non-Fatal
2019-07-15,54,Female,Overcast,Wet,Front Seat Passenger,Fatal
2019-12-10,39,Male,Freezing Rain,Wet,Driver,Fatal
2019-06-18,26,Female,Foggy,Slushy,Driver,Fatal
2019-09-19,22,Female,Snowing,Icy,Driver,Non-Fatal
2019-11-18,79,Female,Raining,Slushy,Rear Seat Passenger,Non-Fatal
2019-10-07,78,Female,Clear,Slushy,Unknown,Non-Fatal
2019-10-01,58,Female,Unknown,Unknown,Driver,Non-Fatal
2019-07-10,70,Male,Foggy,Icy,Rear Seat Passenger,Non-Fatal
2019-10-05,74,Male,Overcast,Muddy,Rear Seat Passenger,Non-Fatal
2019-02-06,41,Male,Clear,Dry,Driver,Non-Fatal
2019-11-06,49,Female,Foggy,Sandy,Driver,Non-Fatal
2019-07-28,69,Female,Freezing Rain,Slushy,Front Seat Passenger,Non-Fatal
2019-03-25,32,Female,Snowing,Muddy,Front Seat Passenger,Unknown
2019-01-12,18,Male,Foggy,Dry,Driver,Non-Fatal
2019-09-03,70,Male,Unknown,Flooded,Driver,Non-Fatal
2019-07-27,57,Male,Overcast,Wet,Rear Seat Passenger,Non-Fatal
2019-02-06,35,Female,Clear,Flooded,Driver,Non-Fatal
2019-08-26,77,Female,Windy,Oily,Rear Seat Passenger,Non-Fatal
2019-06-12,18,Female,Snowing,Muddy,Driver,Non-Fatal
2019-11-20,57,Male,Clear,Flooded,Driver,Non-Fatal
2019-02-25,35,Female,Windy,Slushy,Rear Seat Passenger,Non-Fatal
2019-01-12,54,Male,Unknown,Unknown,Front Seat Passenger,Non-Fatal
2019-06-20,36,Male,Overcast,Sandy,Front Seat Passenger,Non-Fatal
2019-06-23,22,Female,Freezing Rain,Snowy,Front Seat Passenger,Non-Fatal
2019-09-14,60,Male,Overcast,Slushy,Unknown,Unknown
2019-07-07,19,Female,Foggy,Muddy,Rear Seat Passenger,Non-Fatal
2019-06-22,56,Male,Clear,Dry,Front Seat Passenger,Fatal
2019-08-31,47,Female,Foggy,Wet,Unknown,Non-Fatal
2019-03-31,29,Male,Snowing,Muddy,Driver,Fatal
2019-06-13,18,Female,Clear,Dry,Front Seat Passenger,Non-Fatal
2019-12-28,32,Female,Overcast,Wet,Driver,Non-Fatal
2019-10-11,27,Female,Overcast,Snowy,Driver,Fatal
2019-12-23,56,Male,Windy,Snowy,Unknown,Non-Fatal
2019-10-21,23,Female,Freezing Rain,Sandy,Driver,Fatal
2019-02-16,77,Male,Overcast,Dry,Front Seat Passenger,Non-Fatal
2019-03-20,18,Female,Unknown,Snowy,Unknown,Non-Fatal
2019-03-27,73,Female,Clear,Flooded,Front Seat Passenger,Non-Fatal
2019-08-19,36,Female,Raining,Oily,Driver,Fatal
2019-04-07,37,Male,Raining,Dry,Rear Seat Passenger,Non-Fatal
2019-03-16,43,Female,Overcast,Slushy,Driver,Non-Fatal
2019-04-01,33,Female,Snowing,Wet,Front Seat Passenger,Non-Fatal
2019-06-12,47,Male,Overcast,Oily,Front Seat Passenger,Non-Fatal
2019-10-26,59,Male,Overcast,Slushy,Front Seat Passenger,Non-Fatal
2019-03-27,19,Female,Overcast,Slushy,Rear Seat Passenger,Non-Fatal
2019-12-14,76,Male,Raining,Dry,Front Seat Passenger,Non-Fatal
2019-06-28,46,Female,Raining,Unknown,Driver,Non-Fatal
2019-05-15,25,Male,Overcast,Dry,Driver,Non-Fatal
2019-01-11,62,Male,Unknown,Wet,Rear Seat Passenger,Non-Fatal
2019-01-21,23,Male,Clear,Dry,Driver,Non-Fatal
2019-10-15,68,Female,Foggy,Slushy,Driver,Non-Fatal
2019-05-15,36,Male,Windy,Icy,Driver,Non-Fatal
2019-11-23,23,Female,Windy,Icy,Rear Seat Passenger,Non-Fatal
2019-03-08,25,Male,Raining,Snowy,Driver,Non-Fatal
2019-12-15,43,Female,Overcast,Muddy,Driver,Non-Fatal
2019-09-16,28,Male,Windy,Slushy,Driver,Non-Fatal
2019-06-26,35,Female,Foggy,Dry,Driver,Fatal
2019-06-14,60,Female,Overcast,Unknown,Unknown,Non-Fatal
2019-12-05,51,Male,Unknown,Icy,Front Seat Passenger,Non-Fatal
2019-10-22,51,Female,Unknown,Snowy,Rear Seat Passenger,Non-Fatal
2019-04-10,28,Male,Snowing,Wet,Front Seat Passenger,Fatal
2019-03-01,22,Female,Clear,Wet,Unknown,Non-Fatal
2019-08-26,40,Male,Raining,Unknown,Front Seat Passenger,Non-Fatal
2019-07-07,44,Male,Clear,Snowy,Unknown,Unknown
2019-08-31,54,Female,Foggy,Slushy,Driver,Fatal
2019-11-19,47,Female,Freezing Rain,Icy,Driver,Non-Fatal
2019-10-08,63,Male,Freezing Rain,Muddy,Driver,Non-Fatal
2019-01-23,26,Female,Unknown,Flooded,Driver,Fatal
2019-05-30,34,Female,Foggy,Icy,Driver,Non-Fatal
2019-10-23,65,Female,Snowing,Dry,Driver,Non-Fatal
2019-02-04,67,Male,Snowing,Wet,Front Seat Passenger,Non-Fatal
2019-05-22,71,Male,Clear,Unknown,Rear Seat Passenger,Non-Fatal
2019-10-22,43,Female,Foggy,Flooded,Driver,Non-Fatal
2019-02-24,48,Female,Foggy,Icy,Driver,Non-Fatal
2019-05-29,39,Male,Clear,Wet,Front Seat Passenger,Non-Fatal
2019-03-13,65,Male,Raining,Wet,Rear Seat Passenger,Fatal
2019-06-06,41,Female,Freezing Rain,Wet,Unknown,Non-Fatal
2019-06-12,23,Female,Unknown,Sandy,Front Seat Passenger,Non-Fatal
2019-06-15,42,Female,Raining,Sandy,Rear Seat Passenger,Non-Fatal
2019-09-26,36,Female,Overcast,Sandy,Rear Seat Passenger,Non-Fatal
2019-05-24,77,Female,Overcast,Snowy,Front Seat Passenger,Non-Fatal
2019-05-15,25,Female,Raining,Slushy,Driver,Non-Fatal
2019-10-10,42,Female,Snowing,Slushy,Rear Seat Passenger,Non-Fatal
2019-07-10,42,Male,Clear,Muddy,Rear Seat Passenger,Non-Fatal
2019-01-09,43,Male,Raining,Wet,Front Seat Passenger,Non-Fatal
2019-10-29,58,Female,Clear,Snowy,Driver,Non-Fatal
2019-09-15,53,Male,Snowing,Oily,Driver,Fatal
2019-08-07,70,Male,Unknown,Icy,Driver,Unknown
2019-10-04,73,Male,Unknown,Dry,Driver,Non-Fatal
2019-04-24,42,Female,Overcast,Snowy,Unknown,Non-Fatal
2019-09-30,52,Male,Unknown,Unknown,Front Seat Passenger,Non-Fatal
2019-08-19,73,Female,Overcast,Dry,Driver,Non-Fatal
2019-05-09,31,Male,Raining,Muddy,Rear Seat Passenger,Non-Fatal
2019-03-11,65,Male,Unknown,Sandy,Driver,Fatal
2019-01-24,68,Male,Raining,Wet,Unknown,Non-Fatal
2019-01-07,74,Male,Unknown,Snowy,Front Seat Passenger,Fatal
2019-03-28,55,Female,Overcast,Slushy,Front Seat Passenger,Non-Fatal
2019-02-07,58,Female,Raining,Wet,Driver,Non-Fatal
2019-12-04,30,Female,Raining,Icy,Rear Seat Passenger,Non-Fatal
2019-01-09,54,Female,Raining,Muddy,Front Seat Passenger,Fatal
2019-08-27,72,Male,Clear,Sandy,Rear Seat Passenger,Non-Fatal
2019-08-16,57,Male,Unknown,Wet,Front Seat Passenger,Non-Fatal
2019-04-12,25,Male,Unknown,Dry,Front Seat Passenger,Non-Fatal
2019-03-09,72,Male,Clear,Dry,Driver,Non-Fatal
2019-05-12,31,Female,Unknown,Flooded,Rear Seat Passenger,Non-Fatal
2019-09-01,44,Female,Snowing,Slushy,Rear Seat Passenger,Fatal
2019-07-05,34,Female,Unknown,Sandy,Driver,Non-Fatal
2019-04-19,21,Male,Unknown,Wet,Driver,Non-Fatal
2019-11-26,27,Male,Overcast,Sandy,Driver,Non-Fatal
2019-03-10,45,Male,Overcast,Wet,Driver,Fatal
2019-11-17,74,Female,Overcast,Sandy,Driver,Non-Fatal
2019-09-23,24,Female,Windy,Sandy,Rear Seat Passenger,Non-Fatal
2019-08-27,18,Male,Unknown,Slushy,Front Seat Passenger,Non-Fatal
2019-03-31,35,Female,Foggy,Icy,Front Seat Passenger,Non-Fatal
2019-02-21,46,Male,Unknown,Wet,Driver,Fatal
2019-05-15,33,Male,Unknown,Muddy,Unknown,Non-Fatal
2019-06-28,20,Female,Clear,Snowy,Driver,Fatal
2019-10-30,75,Male,Snowing,Oily,Driver,Non-Fatal
2019-05-27,30,Male,Clear,Unknown,Unknown,Non-Fatal
2019-10-14,23,Female,Clear,Dry,Rear Seat Passenger,Non-Fatal
2019-03-29,32,Male,Unknown,Slushy,Driver,Fatal
2019-05-11,47,Male,Overcast,Unknown,Rear Seat Passenger,Non-Fatal
2019-09-23,64,Male,Foggy,Wet,Front Seat Passenger,Unknown
2019-10-30,45,Male,Raining,Unknown,Unknown,Non-Fatal
2019-10-31,79,Male,Foggy,Icy,Driver,Fatal
2019-12-22,26,Female,Raining,Slushy,Front Seat Passenger,Non-Fatal
2019-03-04,48,Male,Overcast,Icy,Rear Seat Passenger,Non-Fatal
2019-01-07,50,Female,Foggy,Wet,Front Seat Passenger,Non-Fatal
2019-05-11,23,Male,Freezing Rain,Oily,Front Seat Passenger,Non-Fatal
2019-07-10,65,Male,Overcast,Wet,Unknown,Non-Fatal
2019-11-29,25,Female,Raining,Icy,Driver,Fatal
2019-07-24,41,Male,Snowing,Unknown,Rear Seat Passenger,Non-Fatal
2019-03-25,68,Female,Raining,Muddy,Front Seat Passenger,Non-Fatal
2019-03-15,29,Male,Raining,Snowy,Front Seat Passenger,Non-Fatal
2019-03-21,49,Male,Unknown,Slushy,Front Seat Passenger,Non-Fatal
2019-12-18,29,Female,Unknown,Muddy,Front Seat Passenger,Non-Fatal
2019-12-11,48,Male,Raining,Wet,Unknown,Non-Fatal
2019-08-31,56,Male,Raining,Muddy,Driver,Non-Fatal
2019-02-11,34,Male,Unknown,Snowy,Rear Seat Passenger,Non-Fatal
2019-03-06,79,Female,Windy,Dry,Front Seat Passenger,Non-Fatal
2019-11-10,52,Male,Clear,Dry,Rear Seat Passenger,Non-Fatal
2019-10-05,18,Male,Raining,Dry,Front Seat Passenger,Non-Fatal
2019-03-27,56,Female,Clear,Wet,Front Seat Passenger,Fatal
2019-03-24,71,Male,Overcast,Snowy,Front Seat Passenger,Non-Fatal
2019-06-04,60,Male,Foggy,Wet,Driver,Non-Fatal
2019-09-22,77,Female,Foggy,Wet,Unknown,Non-Fatal
2019-04-29,74,Female,Clear,Dry,Driver,Non-Fatal
2019-07-12,74,Female,Clear,Slushy,Front Seat Passenger,Non-Fatal
2019-01-29,52,Female,Raining,Dry,Rear Seat Passenger,Non-Fatal
2019-11-02,27,Female,Unknown,Snowy,Driver,Fatal
2019-06-09,73,Female,Clear,Sandy,Driver,Non-Fatal
2019-03-24,50,Male,Freezing Rain,Wet,Driver,Non-Fatal
2019-10-20,24,Male,Clear,Wet,Driver,Fatal
2019-08-25,28,Female,Clear,Sandy,Front Seat Passenger,Non-Fatal
2019-05-03,45,Male,Overcast,Sandy,Driver,Non-Fatal
2019-07-24,40,Male,Foggy,Wet,Driver,Non-Fatal
2019-06-01,78,Female,Clear,Icy,Rear Seat Passenger,Non-Fatal
2019-09-12,29,Male,Overcast,Wet,Rear Seat Passenger,Unknown
2019-11-19,78,Male,Overcast,Dry,Unknown,Fatal
2019-11-07,75,Male,Windy,Icy,Driver,Non-Fatal
2019-05-21,73,Female,Foggy,Muddy,Driver,Non-Fatal
2019-08-03,46,Male,Snowing,Sandy,Driver,Non-Fatal
2019-09-24,33,Male,Unknown,Snowy,Unknown,Non-Fatal
2019-12-09,66,Male,Unknown,Dry,Unknown,Non-Fatal
2019-05-09,59,Male,Foggy,Muddy,Driver,Fatal
2019-12-07,63,Male,Raining,Flooded,Driver,Unknown
2019-02-25,58,Female,Clear,Wet,Driver,Non-Fatal
2019-02-09,40,Female,Clear,Unknown,Front Seat Passenger,Non-Fatal
2019-10-28,29,Male,Overcast,Dry,Driver,Non-Fatal
2019-12-18,63,Male,Foggy,Slushy,Driver,Non-Fatal
2019-01-10,33,Female,Unknown,Oily,Rear Seat Passenger,Non-Fatal
2019-06-11,21,Male,Windy,Dry,Driver,Non-Fatal
2019-07-11,29,Male,Overcast,Snowy,Driver,Non-Fatal
